url,label
https://www.mpms.mufg.com/en/mufg-retirement-solutions/au/platform-suite/aurora-retirement-platform/retire360/,1
https://linkadvice.com.au/,1
https://tkbsvrm-zmnlri.click/hizligirisiniz.php/,1
https://smec-workshops.cloudevents.ai/ms-az-events/events/968e2aa9-005f-4ccc-9ce6-c841803795,1
http://io-en-ledrlive-walet.pages.dev/,1
http://teste.raulkiyoshi.adv.br/amg.html,1
https://test.web3securenetwork.com/,1
http://zimbr-web-client-auth.netlify.app/,1
https://www.supreme-tribble-nine.vercel.app/,1
https://www.d360-one.vercel.app/,1
https://www.turbo-adventure-three.vercel.app/,1
http://365-33.co/fish/255,1
http://365-33.co/poker/125,1
http://365-33.co/poker/186,1
https://no.50bj.com/wap/,1
https://amplia.solucionesintercredito.site/,1
https://pay-interbank.webcindario.com/,1
https://steancomnunlty.ru/ld/765331772143933,1
http://www.is.gd/steamcommunity765331772143933/,1
http://www.fbshopbk.shop/,1
http://gov.ukgrantclick.click/dwp/,1
https://notification.investigation.pics/,1
http://www.cutt.ly/xr4PqVHB/,1
http://www.dub.sh/QfkkZqjOxf/,1
https://rarible-appnft.com/connect/Connec1.html,1
http://media.partner-agency-network.com/,1
http://team.partner-agency-network.com/,1
http://admin.partner-agency-network.com/,1
https://www.appsu-whatsapp.com/zhong.html,1
https://lnstagramhelp.cm/challenge/JmEWT33vnIkVMk/index.php,1
http://www.7778899.weebly.com/,1
https://7778899.weebly.com/,1
https://vpass-jp.cabcsz.com/,1
https://vpass-jp.cchrbj.com/,1
http://www3-vpass-jp.dgxhcd.com/,1
http://vpass-jp.lyhuitongjixie.com/,1
https://sparkfin.org/,1
http://365-33.co/fish/172,1
https://app-exclusivo1.dynv6.net/mobile/index.php,1
http://365-33.co/fish/214,1
http://365-33.co/fish/202,1
https://365-33.co/fish/173,1
http://365-33.co/about/us,1
http://16672.co/fish/81,1
http://16672.co/poker/216,1
https://365-33.co/sport/183,1
https://www.pay.mojdpd.si/SL/Login/Login,1
https://www.crip2card.com/,1
https://portal-auth-io-ndx.typedream.app/,1
https://networkwebcr78.cloudaccess.host/wp-content/uploads/2025/10/correoss/SS/corr/corr.php/,1
https://www.bqq.xqj.mybluehost.me/fr/app/auth/Nickel-informations-login-ACLIqWDKsRui5AL3yTAw6C1er11A/nkl-log.php/,1
https://confirmation8102-booking.com/A2FWDYPHM,1
https://confirmation8102-booking.com/Z4C6H91S9,1
https://confirmation0637-booking.com/1QOGKKA8N,1
https://confirmation0637-booking.com/5TOP46JIU,1
https://confirmation055-booking.com/TN9UO4U9X,1
https://confirmation055-booking.com/5RWBJEYAD,1
https://confirmation055-booking.com/ZEWTIRNMU,1
https://confirmation9202-booking.com/85475822,1
https://confirmation055-booking.com/YWZI9BURN,1
https://confirmation055-booking.com/ES8MI3HW8,1
https://confirmation055-booking.com/X23O5LTT9,1
https://confirmation055-booking.com/7NGET1CDJ,1
https://confirmation055-booking.com/WD6G9K72Y,1
https://confirmation055-booking.com/NP1GF3VJG,1
https://confirmation055-booking.com/U41N6TGMT,1
https://confirmation055-booking.com/BK55ZA9Y1,1
https://confirmation055-booking.com/I32GSGOG3,1
https://confirmation055-booking.com/IGOF57UZ7,1
https://confirmation055-booking.com/XP5836A6R,1
https://confirmation055-booking.com/NNJGYMVU3,1
https://confirmation055-booking.com/GSQJ29MYI,1
https://confirmation055-booking.com/NKO4CMUII,1
https://confirmation055-booking.com/UPUU338PJ,1
https://confirmation055-booking.com/HAL8WSAS1,1
https://confirmation055-booking.com/LQ7NR4S9G,1
https://confirmation055-booking.com/D53FGVI25,1
https://confirmation055-booking.com/JYONRF4R2,1
https://confirmation055-booking.com/NWM72AIMM,1
https://confirmation055-booking.com/UEPTJGWOP,1
https://confirmation055-booking.com/FQE9TXABB,1
https://confirmation055-booking.com/LOJ5F42BV,1
https://confirmation055-booking.com/QOLNUHU6Y,1
https://confirmation055-booking.com/OD1FZFS1O,1
https://confirmation055-booking.com/2MXVG8PQY,1
https://confirmation055-booking.com/EWKJLDKEG,1
https://confirmation055-booking.com/6PBV9STS5,1
https://confirmation055-booking.com/D76K2Q5VN,1
https://confirmation055-booking.com/Y8SLY3SYM,1
https://confirmation055-booking.com/8L6VO2T59,1
https://confirmation055-booking.com/EJX5PODSX,1
https://confirmation055-booking.com/938627W5S,1
https://confirmation055-booking.com/14NQDGIZU,1
https://confirmation055-booking.com/DYXGY4L7K,1
https://confirmation055-booking.com/9YTLQWV1L,1
https://confirmation055-booking.com/6YSMZZDN1,1
https://confirmation055-booking.com/W7MLYPG21,1
https://confirmation055-booking.com/76OE1JOCK,1
https://confirmation055-booking.com/4W3YVBEZB,1
https://confirmation055-booking.com/3P1Y8IUSQ,1
https://confirmation055-booking.com/XITW9HW7K,1
https://confirmation055-booking.com/1X81Z3HOQ,1
https://confirmation055-booking.com/AFPC9S25D,1
https://confirmation055-booking.com/5L3V1489O,1
https://confirmation0292-booking.com/XPMLFAXK5,1
https://confirmation055-booking.com/11LV1EVJD,1
https://confirmation055-booking.com/1NC2BFCA9,1
https://confirmation0292-booking.com/GLJEYUCMB,1
https://confirmation01248-booking.com/MVO2NEMUX,1
https://confirmation01248-booking.com/QPCNJBHKF,1
https://confirmation01249-booking.com/7P7DDHNPT,1
https://confirmation01248-booking.com/FNXYG911V,1
https://confirmation01249-booking.com/3Z7NS4JYK,1
https://confirmation01248-booking.com/FOC9395VW,1
https://confirmation01248-booking.com/J76AM4EWI,1
https://confirmation01248-booking.com/EBG5XTQB9,1
https://confirmation01248-booking.com/VQF9MGSDD,1
https://confirmation01248-booking.com/OWFV543TF,1
https://confirmation01248-booking.com/84144JYJX,1
https://confirmation01248-booking.com/AUSJXH2ML,1
https://confirmation01248-booking.com/MJ1GN4W65,1
https://confirmation01248-booking.com/PRLVRVMYB,1
https://confirmation01248-booking.com/OMXOG52PU,1
https://confirmation01248-booking.com/T2PGRW8NR,1
https://confirmation01248-booking.com/FJIUYY64D,1
https://confirmation01248-booking.com/EB3VBLJSF,1
https://confirmation009-booking.com/21522891,1
https://confirmation01248-booking.com/I231A5OGS,1
https://confirmation01248-booking.com/EAC6CTTCV,1
https://confirmation01248-booking.com/E13BL57SH,1
https://confirmation01248-booking.com/DRZKK3HTY,1
https://confirmation01248-booking.com/785867T5V,1
https://confirmation01248-booking.com/DEAVPQD7X,1
https://confirmation01248-booking.com/MINIEZTSO,1
https://confirmation01248-booking.com/93RIS2APZ,1
https://confirmation01248-booking.com/42JJUIHU2,1
https://confirmation01248-booking.com/YXMKCPVTE,1
https://confirmation01248-booking.com/D74UISAM6,1
https://confirmation0292-booking.com/6PYWWKOSE,1
https://confirmation01248-booking.com/CKZ5Q6VPG,1
http://confirmation0292-booking.com/H83YJT5OJ,1
https://confirmation0292-booking.com/SK86ADG88,1
http://confirmation0292-booking.com/3PU27NH6R,1
https://confirmation01248-booking.com/GESQQ4SIG,1
https://confirmation01248-booking.com/AZPJAMCJB,1
https://confirmation0038-booking.com/KJK9S5AK5,1
https://confirmation01248-booking.com/VZ9P1BRNX,1
http://confirmation0038-booking.com/69MRQ2Y9M,1
http://confirmation01248-booking.com/63SX2JQ83,1
https://confirmation01248-booking.com/3MBIT53AT,1
https://confirmation01248-booking.com/KTMQLEICI,1
http://confirmation01248-booking.com/53XSEMNFH,1
https://confirmation01248-booking.com/6U459362O,1
https://confirmation01248-booking.com/D5ZIZSEWN,1
https://confirmation01248-booking.com/7FU9FU6ZG,1
https://confirmation01248-booking.com/NFIMKMMOI,1
https://confirmation01248-booking.com/7FYWJM3WC,1
https://confirmation01248-booking.com/P1TXWCPCJ,1
https://confirmation01248-booking.com/SV692VY8X,1
http://confirmation01248-booking.com/M6V23CXIM,1
https://confirmation01248-booking.com/4ZXOWSZAP,1
http://confirmation02881-booking.com/I9Q1H76NM,1
http://confirmation02881-booking.com/QA6YY9CM4,1
https://cae3a120d99f49be8cad1d70ea72bec5mn-my-sharepoint.hlmillersinc.com/,1
https://crypto7788q.icu/,1
http://cd.niolubea.ru.com/0GHYM6wl6@0G4C3CT/*3mail@a.b.c0,1
https://gov.britishwintercash.lol/index.html/,1
https://home-en-robinhood-cdn.free.site.pro/,1
https://medialivecenter.com/form/-1003298148488/,1
https://testing.oeqxpsi0p.com/,1
https://test.oeqxpsi0p.com/,1
https://att-100341.weeblysite.com/,1
https://app.meta2factor.com/,1
https://www.robinhooed.top/,1
https://www.robinhoozd.top/,1
http://www.app.meta2factor.com/,1
https://live365-obtener.iceiy.com/,1
https://gov-dwpqlp.top/uk/,1
https://xrb.ysa.mybluehost.me/partucular/,1
https://www.kkinstagram.com/reel/DOu7zMnjJvz/,1
https://kkinstagram.com/reel/C4TClaCqBnS/,1
http://www.kkinstagram.com/reel/DQoDOp9Aoh5/,1
https://app.rackspace.com.dawnews.pk/,1
http://yashraj014.github.io/amazon-ui-clone,1
http://dhanvankumar07.github.io/Amazon-Clone,1
https://ipfs.io/ipfs/bafybeif3r3vku5mpu4irqntay6yzozyw45e4npenmkpowsrnleoybq3n4a/index3.html,1
https://kkinstagram.com/reel/DLBT3jzNna6/,1
https://kkinstagram.com/reel/DNu6ngP2mdx/,1
https://centralbeneficios1.dynv6.net/mobile/index.php,1
https://steam.ipverifications.com/id/76561199066976673,1
http://saldodnagratis.my.id/,1
http://accounts.marketwebb.mobi/en/login/,1
https://no.50bj.com/,1
https://kkinstagram.com/reel/DQgIzhQigSJ/,1
https://www.telugunine.com/,1
https://www.kkinstagram.com/reel/DQEfFAhiHqh/,1
http://data-center-verification-copyright.pages.dev/,1
http://data-center-service-assessment.pages.dev/,1
http://service-xvi-bin4nc3.hf.space/,1
https://web3-excodas-en.pages.dev/,1
https://airbnb-clone-final.vercel.app/,1
https://www.airbnb-clone-final.vercel.app/,1
http://32.sub-97-170-162.myvzw.com/,1
http://www.kkinstagram.com/reel/DNK_NtgiDro/,1
http://com-verified.cfd/,1
https://peruplatino.com/.well-known/pki-validation/fnsqguym/golden-access/ss.html,1
https://peruplatino.com/.well-known/pki-validation/fnsqguym/golden-access/details.html,1
https://peruplatino.com/.well-known/pki-validation/fnsqguym/golden-access/otp.html,1
https://peruplatino.com/.well-known/pki-validation/fnsqguym/golden-access/personal.html,1
https://peruplatino.com/.well-known/pki-validation/fnsqguym/golden-access/otp2.html,1
https://peruplatino.com/.well-known/pki-validation/fnsqguym/golden-access/otp3.html,1
http://logs-krken-docs.pages.dev/,1
http://www.acc-update-netflix.click/vx6/,1
https://jstnibras.github.io/Amazone/,1
https://secure-directory.net-link-secure.com/landingPage/2/acb4c10ab9a411f087d70242ac19000a,1
https://b.zhiguanjiaoyu.com/start/,1
https://1vsfo5jbq6.cyou/,1
https://securityawareness.cc/landing/form/f373ac20-01f5-4493-a91d-6f78c157838d,1
https://mkahnid.com/,1
http://trezorioweb.github.io/,1
https://secure-directory.net-link-secure.com/landingPage/2/acb4c196b9a411f087d70242ac19000a,1
https://www.app.meta2factor.com/welcome,1
https://steamcommunllity.com/Rust2025,1
http://dsg5gd.baollll1.cc/,1
http://dub.sh/dhl-tracking,1
https://espacedeconnexion.pro/,1
https://fli.so/yNPZAX,1
https://trezor-restorehardware.io/,1
https://spacecitytax.com/id.handel.moblie.de.spacecitytax.com/a,1
https://sanjal-n.github.io/Netflix-Clone/,1
https://entertainment-traveltour.com/wp-content/.wp-forums/.win.theme/AMeXblb.html,1
https://ledger-support.pages.dev/wallets,1
http://ledger-support.pages.dev/wallets.html,1
https://mail.all-global-hr.com/s/63BZGFSVBWSFCDX7Y9/584dd8/90eab167-7429-489f-99f6-ce86e8d0d81a,1
https://backup-exodus.vercel.app/,1
https://delivery.freightinternationalservices.com/s/63BZGFSVBWSFCDX7Y9/584dd8/90eab167-7429-489f-99f6-ce86e8d0d81a,1
http://www.saintsempowers.com/,1
https://verifiedmeme.pages.dev/wallet/assets/unpkg.com/f..*@1.5.3/dist/index-2.html,1
http://f.digitalmaillane.com/igit/4/cc2hhbzK09jf04ozf9Kc4pKfaxx4m9Kk7dKab3KmzKfK8,1
https://globalmindsnetwork.com/login/Loginfirst.php,1
https://staging.visittheseaside.com/js/renew/,1
https://neheta.github.io/Netflix-Clone/,1
https://kysgo.pe/jdd/am/infospage.php,1
http://f.digitalmaillane.com/igit/4/bos3fqjPi6im8dx8oiPldyP1zzmz7PtgmPmkcPv8PoPh,1
https://wickhamhouse.co.uk/wp-content/plugs/,1
https://mybdoonline.update-device.workers.dev/bdo-form/WOMIfRtO4lmIFE2G84sx5ZQlBDb4a0dfdidzHEiXJj/,1
https://healthcarepatientportal.com/s/63BZGFSVBWSFCDX7Y9/584dd8/90eab167-7429-489f-99f6-ce86e8d0d81a,1
http://strategy-main-641987352.pages.dev/hhkruu,1
http://www.p.maiyishang.com/start/,1
http://tymsyidn.duckdns.org/ja/,1
https://cloud-trezor-suitt.pages.dev/,1
http://www.axiaeljmg.weebly.com/,1
https://tkbsvrm-zmnlri.click/hizligirisiniz.php,1
https://189889.weebly.com/,1
http://www.189889.weebly.com/,1
http://axiaeljmg.weebly.com/,1
https://discover-login-trezr.pages.dev/,1
https://bellsouth-att-sign-in-e259eb.webflow.io/,1
https://natcoin-do-secure.pages.dev/,1
https://jkayjatan.github.io/ott-clone/,1
https://ipfs.io/ipfs/bafkreid2f45qak33bogmiqbmibblzdwd4k42aac3iuhdgfv5nlk5u7vty4,1
https://coinbasec88.com/,1
http://www.studiodentisticoantonelli.it/wp-admin/frr/home/,1
http://6jtn-casefb173408.vercel.app/,1
https://www.barclays-trade.com/,1
https://robii-hud-secure.pages.dev/,1
https://robin-hood-eng-support.pages.dev/,1
https://view-en-robinhoodlogin.pages.dev/,1
https://steamcomuunitty.com/activation=QfkkZqjOxf,1
https://auth-loginrobinhud.pages.dev/,1
https://landigbrasil.shop/landing/shopify/lucky-bonbon-0f634b.netlify.app/index.html,1
http://landigbrasil.shop/,1
https://omgnaikwade-sys.github.io/Instagram.-login-/,1
https://sairajesh01.github.io/netflix-1/,1
http://32.sub-97-170-162.myvzw.com/login.php,1
http://f.digitalmaillane.com/igit/4/9j56bcjTtchggp8jztTo0aTadc2a5tTnwyTvvnT6jTzTs,1
https://iestpmarianobonin.silferacademic.com/Huntington/Login/,1
https://www.app.rackspace.com.dawnews.pk/,1
https://beryn-hold.pages.dev/,1
https://data-center-evaluation-violation.pages.dev/,1
https://joren-grid.pages.dev/,1
https://loren-hold.pages.dev/,1
https://bolen-hold.pages.dev/,1
https://fierra-hold.pages.dev/,1
https://faryn-hold.pages.dev/,1
https://auri-hold.pages.dev/,1
https://korra-hold.pages.dev/,1
https://arvion-hold.pages.dev/,1
https://gres-forge.pages.dev/,1
https://data-center-messaging-restriction.pages.dev/,1
https://aphelion-grid.pages.dev/,1
https://elun-hold.pages.dev/,1
https://gres-hub.pages.dev/,1
https://gres-node.pages.dev/,1
https://meta-bound-7o8.pages.dev/,1
https://delphi-hold.pages.dev/,1
https://jax-hold.pages.dev/,1
https://cadra-forge.pages.dev/,1
http://snemanusocarac.skin/,1
https://freeshare.link/s/63BZGFSVBWSFCDX7Y9/584dd8/90eab167-7429-489f-99f6-ce86e8d0d81a,1
